absolute_time,edges_covered,crashing_edges_covered
1664596212.766256,27,0
1664596222.7515981,27,0
