absolute_time,edges_covered,crashing_edges_covered
1681800173.1907601,32,0
1681800292.559927,47,0
1681800294.9615765,47,13
1681800295.382285,47,17
1681800298.4670305,47,23
1681800298.6791494,47,27
1681800304.7904139,47,54
1681800307.0711555,47,55
1681800308.4212556,47,55
