absolute_time,edges_covered,crashing_edges_covered
1681800541.308757,83,0
1681800632.8659368,97,0
1681800750.2038927,98,0
1681800871.8936968,100,0
1681801067.5179026,102,0
1681801202.6793537,106,0
1681801514.0881026,107,0
1681801662.2614188,109,0
1681801757.6207883,110,0
1681801913.6097002,112,0
1681801921.5382695,112,0
