absolute_time,edges_covered,crashing_edges_covered
1669358902.5402188,29,0
1669358902.8782,34,0
1669358903.171478,34,29
1669358903.27573,36,29
1669358912.888653,36,29
