absolute_time,edges_covered,crashing_edges_covered
1681937127.308944,76,0
1681937130.957441,81,0
1681937135.171257,95,0
1681937140.5209641,97,0
1681937143.549783,98,0
1681937150.472764,100,0
1681937154.015021,104,0
1681937160.706741,106,0
1681937167.9402602,108,0
1681937179.5916212,109,0
1681937188.880199,110,0
1681937193.91406,117,0
1681937198.398907,118,0
1681937208.270098,124,0
1681937208.543743,124,0
