absolute_time,edges_covered,crashing_edges_covered
1681937068.325361,32,0
1681937070.454279,47,0
1681937070.5257752,47,13
1681937070.533708,47,19
1681937070.572601,47,25
1681937070.673394,47,41
1681937072.098885,47,42
1681937072.627944,47,47
1681937073.065341,47,52
1681937083.4316218,47,52
